pdb_code,peptide,MHC
1A1M.pdb,TPYDINQML,HLA-B*53:01
1A1N.pdb,VPLRPMTY,HLA-B*35:01
1A1O.pdb,KPIVQYDNF,HLA-B*53:01
1A9B.pdb,LPPLDITPY,HLA-B*35:01
1A9E.pdb,LPPLDITPY,HLA-B*35:01
1AGB.pdb,GGRKKYKL,HLA-B*08:01
1AGC.pdb,GGKKKYQL,HLA-B*08:01
1AGD.pdb,GGKKKYKL,HLA-B*08:01
1AGE.pdb,GGKKKYRL,HLA-B*08:01
1AGF.pdb,GGKKRYKL,HLA-B*08:01
1AKJ.pdb,ILKEPVHGV,HLA-A*02:01
1AO7.pdb,LLFGYPVYV,HLA-A*02:01
1B0G.pdb,ALWGFFPVL,HLA-A*02:01
1BD2.pdb,LLFGYPVYV,HLA-A*02:01
1BII.pdb,RGPGRAFVTI,H2-Dd
1BQH.pdb,RGYVYQGL,H2-Kb
1BZ9.pdb,FAPGVFPYM,H2-Db
1CE6.pdb,FAPGNYPAL,H2-Db
1CG9.pdb,LPPLDITPY,HLA-B*35:01
1DDH.pdb,RGPGRAFVTI,H2-Dd
1DUY.pdb,LFGYPVYV,HLA-A*02:01
1DUZ.pdb,LLFGYPVYV,HLA-A*02:01
1E27.pdb,LPPVVAKEI,HLA-B*51:01
1E28.pdb,TAFTIPSI,HLA-B*51:01
1ED3.pdb,ILFPSSERLISNR,Rano-A1*b
1EEY.pdb,ILSALVGIV,HLA-A*02:01
1EEZ.pdb,ILSALVGIL,HLA-A*02:01
1EFX.pdb,GAVDPLLAL,HLA-C*03:04
1FFN.pdb,KAVYNFATM,H2-Db
1FFO.pdb,AAVYNFATM,H2-Db
1FFP.pdb,SAVYNFATM,H2-Db
1FG2.pdb,KAVYNFATC,H2-Db
1FO0.pdb,INFDFNTI,H2-Kb
1FZJ.pdb,RGYVYQGL,H2-Kb
1FZK.pdb,FAPGNYPAL,H2-Kb
1FZM.pdb,RGYVYQGL,H2-Kb
1FZO.pdb,FAPGNYPAL,H2-Kb
1G6R.pdb,SIYRYYGL,H2-Kb
1G7P.pdb,SRDHSRTPM,H2-Kb
1G7Q.pdb,SAPDTRPA,H2-Kb
1HHG.pdb,TLTSCNTSV,HLA-A*02:01
1HHH.pdb,FLPSDFFPSV,HLA-A*02:01
1HHI.pdb,GILGFVFTL,HLA-A*02:01
1HHJ.pdb,ILKEPVHGV,HLA-A*02:01
1HHK.pdb,LLFGYPVYV,HLA-A*02:01
1HOC.pdb,ASNENMETM,H2-Db
1HSA.pdb,ARAAAAAAA,HLA-B*27:05
1I1F.pdb,FLKEPVHGV,HLA-A*02:01
1I1Y.pdb,YLKEPVHGV,HLA-A*02:01
1I4F.pdb,GVYDGREHTV,HLA-A*02:01
1I7R.pdb,FAPGFFPYL,HLA-A*02:01
1I7T.pdb,ALWGVFPVL,HLA-A*02:01
1I7U.pdb,ALWGFVPVL,HLA-A*02:01
1IM3.pdb,LLFGYPVYV,HLA-A*02:01
1IM9.pdb,QYDDAVYKL,HLA-C*04:01
1INQ.pdb,SSVVGVWYL,H2-Db
1JF1.pdb,ELAGIGILTV,HLA-A*02:01
1JGD.pdb,RRLLRGHNQY,HLA-B*27:09
1JGE.pdb,GRFAAAIAK,HLA-B*27:05
1JHT.pdb,ALGIGILTV,HLA-A*02:01
1JPF.pdb,SGVENPGGYCL,H2-Db
1JPG.pdb,FQPQNGQFI,H2-Db
1JTR.pdb,EQYKFYSV,H2-Kb
1JUF.pdb,SSVIGVWYL,H2-Db
1K5N.pdb,GRFAAAIAK,HLA-B*27:09
1K8D.pdb,ILMEHIHKL,H2-Q7
1KJ2.pdb,KVITFIDL,H2-Kb
1KJ3.pdb,KVITFIDL,H2-Kb
1KJM.pdb,AQFSASASR,Rano-A1*b
1KJV.pdb,NPRAMQALL,Rano-A1*b
1KPR.pdb,VMAPRTVLL,HLA-E*01:03
1KPU.pdb,RGYVYQGL,H2-Kb
1KPV.pdb,FAPGNYPAL,H2-Kb
1KTL.pdb,VTAPRTLLL,HLA-E*01:03
1L6Q.pdb,LYLVCGERG,H2-Kd
1LD9.pdb,YPNVNIHNF,H2-Ld
1LEG.pdb,EQYKFYSV,H2-Kb
1LEK.pdb,EQYKFYSV,H2-Kb
1LK2.pdb,GNYSFYAL,H2-Kb
1LP9.pdb,ALWGFFPVL,HLA-A*02:01
1M05.pdb,FLRGRAYGL,HLA-B*08:01
1M6O.pdb,EEFGRAFSF,HLA-B*44:02
1MHE.pdb,VMAPRTVLL,HLA-E*01:01
1MI5.pdb,FLRGRAYGL,HLA-B*08:01
1MWA.pdb,EQYKFYSV,H2-Kb
1N2R.pdb,EEFGRAFSF,HLA-B*44:03
1N3N.pdb,SALQNAASIA,H2-Db
1N59.pdb,AVYNFATM,H2-Kb
1N5A.pdb,KAVYNFATM,H2-Db
1NAM.pdb,RGYVYQGL,H2-Kb
1NAN.pdb,INFDFNTI,H2-Kb
1OF2.pdb,RRKWRRWHL,HLA-B*27:09
1OGA.pdb,GILGFVFTL,HLA-A*02:01
1OGT.pdb,RRKWRRWHL,HLA-B*27:05
1OSZ.pdb,RGYLYQGL,H2-Kb
1P1Z.pdb,SIINFEKL,H2-Kb
1P4L.pdb,SIINFEKL,H2-Kb
1P7Q.pdb,ILKEPVHGV,HLA-A*02:01
1Q94.pdb,AIFQSSMTK,HLA-A*11:01
1QEW.pdb,FLWGPRALV,HLA-A*02:01
1QLF.pdb,FAPSNYPAL,H2-Db
1QO3.pdb,RGPGRAFVTI,H2-Dd
1QQD.pdb,QYDDAVYKL,HLA-C*04:01
1QR1.pdb,IISAVVGIL,HLA-A*02:01
1QRN.pdb,LLFGYAVYV,HLA-A*02:01
1QSE.pdb,LLFGYPRYV,HLA-A*02:01
1QSF.pdb,LLFGYPVAV,HLA-A*02:01
1QVO.pdb,QVPLRPMTYK,HLA-A*11:01
1RJY.pdb,SSIEFARL,H2-Kb
1RJZ.pdb,SEIEFARL,H2-Kb
1RK0.pdb,SSIEFARL,H2-Kb
1RK1.pdb,SEIEFARL,H2-Kb
1S7Q.pdb,AVYNFATM,H2-Kb
1S7R.pdb,KAVYNLATM,H2-Kb
1S7S.pdb,ALYNFATM,H2-Kb
1S7T.pdb,AVFNFATM,H2-Kb
1S7U.pdb,KAVYNFATM,H2-Db
1S7V.pdb,KAVYNLATM,H2-Db
1S7W.pdb,KALYNFATM,H2-Db
1S7X.pdb,KAVFNFATM,H2-Db
1S8D.pdb,SLANTVATL,HLA-A*02:01
1S9W.pdb,SLLMWITQC,HLA-A*02:01
1S9X.pdb,SLLMWITQA,HLA-A*02:01
1S9Y.pdb,SLLMWITQS,HLA-A*02:01
1SYS.pdb,EEPTVIKKY,HLA-B*44:03
1SYV.pdb,EEFGRAFSF,HLA-B*44:05
1T0M.pdb,SSIEFARL,H2-Kb
1T0N.pdb,SSIEFARL,H2-Kb
1T1W.pdb,SLFNTIAVL,HLA-A*02:01
1T1X.pdb,SLYLTVATL,HLA-A*02:01
1T1Y.pdb,SLYNVVATL,HLA-A*02:01
1T1Z.pdb,ALYNTAAAL,HLA-A*02:01
1T20.pdb,SLYNTIATL,HLA-A*02:01
1T21.pdb,SLYNTVATL,HLA-A*02:01
1T22.pdb,SLYNTVATL,HLA-A*02:01
1TVB.pdb,ITDQVPFSV,HLA-A*02:01
1TVH.pdb,IMDQVPFSV,HLA-A*02:01
1UXS.pdb,RRRWRRLTV,HLA-B*27:05
1VAC.pdb,SIINFEKL,H2-Kb
1VAD.pdb,SRDHSRTPM,H2-Kb
1VGK.pdb,SYVNTNMGL,H2-Kd
1W0V.pdb,RRLPIFSRL,HLA-B*27:05
1W0W.pdb,RRLPIFSRL,HLA-B*27:09
1W72.pdb,EADPTGHSY,HLA-A*01:01
1WBX.pdb,SQLKNNAKEI,H2-Db
1WBY.pdb,SSLENFRAYV,H2-Db
1WBZ.pdb,SSYRRPVGI,H2-Kb
1X7Q.pdb,KTFPPTEPK,HLA-A*11:01
1XH3.pdb,LPAVVGLSPGEQEY,HLA-B*35:01
1XR9.pdb,ILGPPGSVY,HLA-B*15:01
1YDP.pdb,RIIPRHLQL,HLA-G*01:04
1YN6.pdb,SSLENFRAYV,H2-Db
1YN7.pdb,SSLENFAAYV,H2-Db
1ZHB.pdb,KALYNYAPI,H2-Db
1ZHK.pdb,LPEPLPQGQLTAY,HLA-B*35:01
1ZHL.pdb,LPEPLPQGQLTAY,HLA-B*35:08
1ZSD.pdb,EPLPQGQLTAY,HLA-B*35:01
1ZT1.pdb,FEANGNLI,H2-Kk
1ZT7.pdb,SEFLLEKRI,H2-Kk
1ZVS.pdb,TTPESANL,Mafa-A1*001:01:01
2A83.pdb,RRRWHRWRL,HLA-B*27:05
2AK4.pdb,LPEPLPQGQLTAY,HLA-B*35:08
2AV1.pdb,LLFGYPVYV,HLA-A*02:01
2AV7.pdb,LLFGYPVYV,HLA-A*02:01
2AXF.pdb,APQPAPENAY,HLA-B*35:08
2AXG.pdb,APQPAPENAY,HLA-B*35:01
2BCK.pdb,VYGFVRACL,HLA-A*24:02
2BNQ.pdb,SLLMWITQV,HLA-A*02:01
2BNR.pdb,SLLMWITQC,HLA-A*02:01
2BSR.pdb,RRIYDLIEL,HLA-B*27:05
2BSS.pdb,KRWIILGLNK,HLA-B*27:05
2BST.pdb,SRYWAIRTR,HLA-B*27:05
2BVO.pdb,KAFSPEVIPMF,HLA-B*57:03
2BVP.pdb,ISPRTLDAW,HLA-B*57:03
2BVQ.pdb,KAFSPEVI,HLA-B*57:03
2C7U.pdb,SLFNTIAVL,HLA-A*02:01
2CIK.pdb,KPIVVLHGY,HLA-B*35:01
2CKB.pdb,EQYKFYSV,H2-Kb
2CLR.pdb,MLLSVPLLLG,HLA-A*02:01
2CLV.pdb,SQYYYNSL,H2-Kb
2CLZ.pdb,INFDFNTI,H2-Kb
2D31.pdb,RIIPRHLQL,HLA-G*01:01
2DYP.pdb,RIIPRHLQL,HLA-G*01:01
2ESV.pdb,VMAPRTLIL,HLA-E*01:01
2F53.pdb,SLLMWITQC,HLA-A*02:01
2F54.pdb,SLLMWITQC,HLA-A*02:01
2F74.pdb,KAVYNFATM,H2-Db
2FO4.pdb,SAPDFRPL,H2-Kb
2FWO.pdb,TYQRTRALV,H2-Kd
2FZ3.pdb,HPVGEADYFEY,HLA-B*35:08
2GIT.pdb,LLFGKPVYV,HLA-A*02:01
2GJ6.pdb,LLFGKPVYV,HLA-A*02:01
2GT9.pdb,EAAGIGILTV,HLA-A*02:01
2GTW.pdb,LAGIGILTV,HLA-A*02:01
2GTZ.pdb,ALGIGILTV,HLA-A*02:01
2GUO.pdb,AAGIGILTV,HLA-A*02:01
2H6P.pdb,KPIVVLHGY,HLA-B*35:01
2HJK.pdb,KGFNPEVIPMF,HLA-B*57:06
2HJL.pdb,KAFNPEIIPMF,HLA-B*57:06
2HN7.pdb,AIMPARFYPK,HLA-A*11:01
2J8U.pdb,ALWGFFPVL,HLA-A*02:01
2JCC.pdb,ALWGFFPVL,HLA-A*02:01
2MHA.pdb,RGYVYQGL,H2-Kb
2NW3.pdb,EPLPQGQLTAY,HLA-B*35:08
2NX5.pdb,EPLPQGQLTAY,HLA-B*35:01
2OL3.pdb,SQYYYNSL,H2-Kb
2P5E.pdb,SLLMWITQC,HLA-A*02:01
2P5W.pdb,SLLMWITQC,HLA-A*02:01
2PYE.pdb,SLLMWITQC,HLA-A*02:01
2RFX.pdb,LSSPVTKSF,HLA-B*57:01
2UWE.pdb,ALWGFFPVL,HLA-A*02:01
2V2W.pdb,SLYNTVATL,HLA-A*02:01
2V2X.pdb,SLFNTVATL,HLA-A*02:01
2VAA.pdb,RGYVYQGL,H2-Kb
2VAB.pdb,FAPGNYPAL,H2-Kb
2VLJ.pdb,GILGFVFTL,HLA-A*02:01
2VLK.pdb,GILGFVFTL,HLA-A*02:01
2VLL.pdb,GILGFVFTL,HLA-A*02:01
2VLR.pdb,GILGFVFTL,HLA-A*02:01
2X4O.pdb,KLTPLCVTL,HLA-A*02:01
2X4R.pdb,NLVPMVATV,HLA-A*02:01
2X4S.pdb,AMDSNTLEL,HLA-A*02:01
2X4U.pdb,ILKEPVHGV,HLA-A*02:01
2XFX.pdb,VGYPKVKEEML,BoLA-6*013:01
2XPG.pdb,KLIETYFSK,HLA-A*03:01
2YEZ.pdb,TNPESKVFYL,Gaga-BF2*021:01:01
2YF5.pdb,TAGQSNYDRL,Gaga-BF2*021:01:01
2YF6.pdb,TAGQEDYDRL,Gaga-BF2*021:01:01
2YPK.pdb,KAFSPEVIPMF,HLA-B*57:01
2YPL.pdb,KAFSPEVIPMF,HLA-B*57:06
3AM8.pdb,VMGPRTLIL,HLA-E*01:01
3BEV.pdb,GHAEEYGAETL,Gaga-BF2*021:01:01
3BEW.pdb,REVDEQLLSV,Gaga-BF2*021:01:01
3BGM.pdb,RQASLSISV,HLA-A*02:01
3BH8.pdb,RQASIELPSM,HLA-A*02:01
3BH9.pdb,RTYSGPMNKV,HLA-A*02:01
3BHB.pdb,KMDSFLDMQL,HLA-A*02:01
3BO8.pdb,EADPTGHSY,HLA-A*01:01
3BP4.pdb,IRAAPPPLF,HLA-B*27:05
3BP7.pdb,IRAAPPPLF,HLA-B*27:09
3BUY.pdb,LSLRNPILV,H2-Db
3BVN.pdb,RRRWRRLTV,HLA-B*14:02
3BW9.pdb,CPSQEPMSIYVY,HLA-B*35:08
3BWA.pdb,FPTKDVAL,HLA-B*35:08
3BXN.pdb,IRAAPPPLF,HLA-B*14:02
3BZE.pdb,VMAPRTLFL,HLA-E*01:01
3BZF.pdb,VMAPRALLL,HLA-E*01:01
3C8K.pdb,SIINFEKL,H2-Kb
3C9N.pdb,VQQESSFVM,HLA-B*15:01
3CC5.pdb,KVPRNQDWL,H2-Db
3CCH.pdb,EGSRNQDWL,H2-Db
3CDG.pdb,VMAPRTLFL,HLA-E*01:01
3CH1.pdb,EGPRNQDWL,H2-Db
3CII.pdb,VMAPRTLFL,HLA-E*01:01
3CPL.pdb,ASNENAETM,H2-Db
3CVH.pdb,SIINFEKL,H2-Kb
3CZF.pdb,RRRWHRWRL,HLA-B*27:09
3D25.pdb,VLHDDLLEA,HLA-A*02:01
3D3V.pdb,LLFGFPVYV,HLA-A*02:01
3DMM.pdb,RGPGRAFVTI,H2-Dd
3DX6.pdb,EENLLDFVRF,HLA-B*44:02
3DX7.pdb,EENLLDFVRF,HLA-B*44:03
3DX8.pdb,EENLLDFVRF,HLA-B*44:05
3DXA.pdb,EENLLDFVRF,HLA-B*44:05
3E6F.pdb,IGPGRAFYA,H2-Dd
3E6H.pdb,IGPGRAFYTI,H2-Dd
3ECB.pdb,RGPGRAFVTI,H2-Dd
3FFC.pdb,FLRGRAYGL,HLA-B*08:01
3FOL.pdb,VNDIFERI,H2-Kb
3FOM.pdb,IQQSIERI,H2-Kb
3FON.pdb,VNDIFEAI,H2-Kb
3FQR.pdb,YLDSGIHSGA,HLA-A*02:01
3FQT.pdb,GLLGSPVRA,HLA-A*02:01
3FQU.pdb,GLLGSPVRA,HLA-A*02:01
3FQW.pdb,RVASPTSGV,HLA-A*02:01
3FQX.pdb,RVASPTSGV,HLA-A*02:01
3FT3.pdb,VLHDDLLEA,HLA-A*02:01
3FT4.pdb,VLRDDLLEA,HLA-A*02:01
3FTG.pdb,ASAENMETM,H2-Db
3GIV.pdb,SLFNTVATLY,HLA-A*02:01
3GJF.pdb,SLLMWITQV,HLA-A*02:01
3GJG.pdb,SLLMWITQV,HLA-A*02:01
3GSN.pdb,NLVPMVATV,HLA-A*02:01
3GSO.pdb,NLVPMVATV,HLA-A*02:01
3GSQ.pdb,NLVPSVATV,HLA-A*02:01
3GSR.pdb,NLVPVVATV,HLA-A*02:01
3GSU.pdb,NLVPTVATV,HLA-A*02:01
3GSV.pdb,NLVPQVATV,HLA-A*02:01
3GSW.pdb,NLVPMVAAV,HLA-A*02:01
3H7B.pdb,MLWGYLQYV,HLA-A*02:01
3H9H.pdb,MLWGYLQYV,HLA-A*02:01
3H9S.pdb,MLWGYLQYV,HLA-A*02:01
3HAE.pdb,SLLMWITQV,HLA-A*02:01
3HG1.pdb,ELAGIGILTV,HLA-A*02:01
3HPJ.pdb,RMFPNAPYL,HLA-A*02:01
3I6G.pdb,GLMWLSYFV,HLA-A*02:01
3I6K.pdb,TLACFVLAAV,HLA-A*02:01
3I6L.pdb,QFKDNVILL,HLA-A*24:02
3IXA.pdb,LLFGYPVYV,HLA-A*02:01
3JTS.pdb,GSENLKSLY,Mamu-A1*002:01:01:01
3JTT.pdb,YTSGPGIRY,Mamu-A1*002:01:01:01
3KLA.pdb,SLLMWITQL,HLA-A*02:01
3KPL.pdb,EEYLQAFTY,HLA-B*44:02
3KPM.pdb,EEYLKAWTF,HLA-B*44:02
3KPN.pdb,EEYLQAFTY,HLA-B*44:03
3KPO.pdb,EEYLKAWTF,HLA-B*44:03
3KPP.pdb,EEYLQAFTY,HLA-B*44:05
3KPQ.pdb,EEYLKAWTF,HLA-B*44:05
3KPS.pdb,EEYLQAFTY,HLA-B*44:05
3KXF.pdb,LPEPLPQGQLTAY,HLA-B*35:08
3KYN.pdb,KGPPAALTL,HLA-G*01:04
3KYO.pdb,KLPAQFYIL,HLA-G*01:04
3L3D.pdb,EEAGRAFSF,HLA-B*44:02
3L3G.pdb,EEFGAAFSF,HLA-B*44:02
3L3H.pdb,SSLENARAYV,H2-Db
3L3J.pdb,EEAGAAFSF,HLA-B*44:02
3L3K.pdb,EEFGAAASF,HLA-B*44:02
3LKN.pdb,LPFERATIM,HLA-B*35:01
3LKO.pdb,LPFDRTTIM,HLA-B*35:01
3LKP.pdb,LPFDKSTIM,HLA-B*35:01
3LKQ.pdb,LPFDKTTIM,HLA-B*35:01
3LKR.pdb,LPFERATVM,HLA-B*35:01
3LKS.pdb,LPFEKSTVM,HLA-B*35:01
3LN5.pdb,HEEAVSVDRVL,HLA-B*41:04
3LV3.pdb,SRRWRRWNR,HLA-B*27:05
3MGO.pdb,RLYQNPTTYI,HLA-A*02:01
3MGT.pdb,KLYQNPTTYI,HLA-A*02:01
3MR9.pdb,NLVPAVATV,HLA-A*02:01
3MRB.pdb,NLVPMVHTV,HLA-A*02:01
3MRC.pdb,NLVPMCATV,HLA-A*02:01
3MRD.pdb,NLVPMGATV,HLA-A*02:01
3MRE.pdb,GLCTLVAML,HLA-A*02:01
3MRF.pdb,GLCPLVAML,HLA-A*02:01
3MRG.pdb,CINGVCWTV,HLA-A*02:01
3MRH.pdb,CISGVCWTV,HLA-A*02:01
3MRI.pdb,CINMWCWTV,HLA-A*02:01
3MRJ.pdb,CINGMCWTV,HLA-A*02:01
3MRK.pdb,PLFQVPEPV,HLA-A*02:01
3MRL.pdb,CINGVVWTV,HLA-A*02:01
3MRM.pdb,KLVALGINAV,HLA-A*02:01
3MRN.pdb,LLFNILGGWV,HLA-A*02:01
3MRO.pdb,ELAGWGILTV,HLA-A*02:01
3MRP.pdb,ELAGLGINTV,HLA-A*02:01
3MRQ.pdb,ELAGLGINTV,HLA-A*02:01
3MRR.pdb,LLAGIGTVPI,HLA-A*02:01
3MV7.pdb,HPVGEADYFEY,HLA-B*35:01
3MV8.pdb,HPVGEADYFEY,HLA-B*35:01
3MV9.pdb,HPVGEADYFEY,HLA-B*35:01
3MYJ.pdb,YMFPNAPYL,HLA-A*02:01
3NFJ.pdb,RYPLTFGWCF,HLA-A*24:02
3NFN.pdb,RYPLTFGWCF,HLA-A*24:02
3O4L.pdb,GLCTLVAML,HLA-A*02:01
3OX8.pdb,FLPSDFFPSV,HLA-A*02:03
3OXR.pdb,FLPSDFFPSV,HLA-A*02:06
3OXS.pdb,FLPSDFFPSV,HLA-A*02:07
3P4M.pdb,YTVKYPNL,H2-Kb
3P4N.pdb,YTVKFPNM,H2-Kb
3P4O.pdb,YTAKYPNL,H2-Kb
3P9L.pdb,SIINFEKL,H2-Kb
3P9M.pdb,SIIGFEKL,H2-Kb
3PAB.pdb,EIINFEKL,H2-Kb
3PQY.pdb,SSLENFRAYV,H2-Db
3PWJ.pdb,LLYGFVNYV,HLA-A*02:01
3PWL.pdb,LGYGFVNYI,HLA-A*02:01
3PWN.pdb,LLYGFVNYI,HLA-A*02:01
3PWP.pdb,LGYGFVNYI,HLA-A*02:01
3PWU.pdb,IPAYGVLTI,BoLA-2*018:01
3PWV.pdb,IPAYGVLTI,BoLA-2*018:01
3QDG.pdb,ELAGIGILTV,HLA-A*02:01
3QDJ.pdb,AAGIGILTV,HLA-A*02:01
3QDM.pdb,ELAGIGILTV,HLA-A*02:01
3QEQ.pdb,AAGIGILTV,HLA-A*02:01
3QFD.pdb,AAGIGILTV,HLA-A*02:01
3QFJ.pdb,LLFGFPVYV,HLA-A*02:01
3QQ3.pdb,NSDTVGWSW,SLA-1*04:01:01
3QQ4.pdb,ATAAATEAY,SLA-1*04:01:01
3QUK.pdb,KAVANFATM,H2-Db
3QUL.pdb,KAVSNFATM,H2-Db
3QZW.pdb,RYPLTFGWCF,HLA-A*24:02
3REW.pdb,CLGGLLTMV,HLA-A*02:01
3RL1.pdb,AIFQSSMTK,HLA-A*03:01
3RL2.pdb,QVPLRPMTYK,HLA-A*03:01
3ROO.pdb,AVYNFATM,H2-Kb
3RWC.pdb,IRYPKTFGW,Mamu-B*017:01:01:01
3RWD.pdb,IRYPKTFGWLW,Mamu-B*017:01:01:01
3RWE.pdb,FQWMGYELW,Mamu-B*017:01:01:01
3RWF.pdb,QTSQWDDPW,Mamu-B*017:01:01:01
3RWG.pdb,MHPAQTSQW,Mamu-B*017:01:01:01
3RWH.pdb,MRHVLEPF,Mamu-B*017:01:01:01
3RWI.pdb,GSHLEVQGYW,Mamu-B*017:01:01:01
3RWJ.pdb,HLEVQGYW,Mamu-B*017:01:01:01
3SJV.pdb,FLRGRAYGL,HLA-B*08:01
3SKM.pdb,FLRGRAYVL,HLA-B*08:01
3SKO.pdb,FLRGRAYGL,HLA-B*08:01
3SPV.pdb,RAKFKQLL,HLA-B*08:01
3TBS.pdb,KAPANFATM,H2-Db
3TBT.pdb,KAPSNFATM,H2-Db
3TBV.pdb,KGPANFATM,H2-Db
3TBW.pdb,KGPSNFATM,H2-Db
3TBY.pdb,KAPFNFATM,H2-Db
3TID.pdb,AVYNFATM,H2-Kb
3TIE.pdb,AIVNYANL,H2-Kb
3TO2.pdb,LACFVLAAV,HLA-A*02:01
3UTQ.pdb,ALWGPDPAAA,HLA-A*02:01
3UTS.pdb,ALWGPDPAAA,HLA-A*02:01
3UTT.pdb,ALWGPDPAAA,HLA-A*02:01
3V5D.pdb,KVAELVHFL,HLA-A*02:01
3V5H.pdb,KVAEIVHFL,HLA-A*02:01
3V5K.pdb,KVAELVWFL,HLA-A*02:01
3VCL.pdb,RPHERNGFTVL,HLA-B*07:02
3VFM.pdb,LPEPLPQGQLTAY,HLA-B*35:08
3VFN.pdb,LPEPLPQGQLTAY,HLA-B*35:08
3VFO.pdb,LPEPLPQGQLTAY,HLA-B*35:01
3VFP.pdb,LPEPLPQGQLTAY,HLA-B*35:08
3VFR.pdb,LPEALPQGQLTAY,HLA-B*35:08
3VFS.pdb,LPEPAPQGQLTAY,HLA-B*35:08
3VFT.pdb,LPEPLAQGQLTAY,HLA-B*35:08
3VFU.pdb,LPEPLPAGQLTAY,HLA-B*35:08
3VFV.pdb,LPEPLPQGALTAY,HLA-B*35:08
3VFW.pdb,LPEPLPQGQATAY,HLA-B*35:08
3VH8.pdb,LSSPVTKSF,HLA-B*57:01
3VJ6.pdb,AMAPRTLLL,H2-T23
3VXM.pdb,RFPLTFGWCF,HLA-A*24:02
3VXN.pdb,RYPLTFGWCF,HLA-A*24:02
3VXO.pdb,RFPLTFGWCF,HLA-A*24:02
3VXP.pdb,RYPLTLGWCF,HLA-A*24:02
3VXR.pdb,RYPLTFGWCF,HLA-A*24:02
3VXS.pdb,RYPLTLGWCF,HLA-A*24:02
3VXU.pdb,RFPLTFGWCF,HLA-A*24:02
3W0W.pdb,RFPLTFGWCF,HLA-A*24:02
3W39.pdb,TAFTIPSI,HLA-B*52:01
3WL9.pdb,NYTPGPGIRF,HLA-A*24:02
3WLB.pdb,NYTPGPGTRF,HLA-A*24:02
3WS3.pdb,YQLENYCGL,H2-Db
3WS6.pdb,YAIENYLEL,H2-Db
3WUW.pdb,LSSPVTKSF,HLA-B*57:01
3X11.pdb,LSSPVTKSF,HLA-B*57:01
3X12.pdb,LSSPVTKSF,HLA-B*57:01
3X13.pdb,FLRGRAYGL,HLA-B*08:01
3X14.pdb,FLRGRAYGL,HLA-B*08:01
4CVX.pdb,YPYLGPNTL,Gaga-BF2*002:01:01
4CVZ.pdb,YELDEKFDRL,Gaga-BF2*021:01:01
4CW1.pdb,SWFRKPMTR,Gaga-BF2*014:01:01
4D0B.pdb,TAGQEDYDRL,Gaga-BF2*021:01:01
4D0C.pdb,TAGQSNYDRL,Gaga-BF2*021:01:01
4D0D.pdb,VIFPAKSL,Gaga-BF2*002:01:01
4E0R.pdb,IDWFDGKE,Gaga-BF2*004:01:01
4E5X.pdb,LLFGYPVYV,HLA-A*02:01
4EUP.pdb,ALGIGILTV,HLA-A*02:01
4EUQ.pdb,EAAGIGILTV,HLA-A*02:01
4F7M.pdb,LYASPQLEGF,HLA-A*24:02
4F7T.pdb,RYGFVANF,HLA-A*24:02
4FTV.pdb,LLFGYPVYV,HLA-A*02:01
4G42.pdb,IDWFDGKD,Gaga-BF2*004:01:01
4G43.pdb,IDWFEGKE,Gaga-BF2*004:01:01
4G8G.pdb,KRWIILGLNK,HLA-B*27:05
4G8I.pdb,KRWIIMGLNK,HLA-B*27:05
4G9D.pdb,KRWIILGLNK,HLA-B*27:05
4G9F.pdb,KRWIIMGLNK,HLA-B*27:05
4GKN.pdb,FATGIGIITV,HLA-A*02:01
4GKS.pdb,FLTGIGIITV,HLA-A*02:01
4HKJ.pdb,SIINFEKL,H2-Kb
4HS3.pdb,AVYNFATM,H2-Kb
4HUU.pdb,ASNENIETM,H2-Db
4HUV.pdb,ASNENWETM,H2-Db
4HUW.pdb,ASNENTETM,H2-Db
4HUX.pdb,ASNENMETM,H2-Db
4HV8.pdb,ASNENIETM,H2-Db
4HWZ.pdb,AIFQSSMTK,HLA-A*68:01
4HX1.pdb,SVYDFFVWL,HLA-A*68:02
4I48.pdb,TLTSCNTSV,HLA-A*68:02
4I4W.pdb,ILAKFLHRL,HLA-A*02:01
4IHO.pdb,EGPRNQDWL,H2-Db
4JFD.pdb,ELAAIGILTV,HLA-A*02:01
4JFE.pdb,ELAGIGALTV,HLA-A*02:01
4JFF.pdb,ELAGIGILTV,HLA-A*02:01
4JFO.pdb,ALAGIGILTV,HLA-A*02:01
4JFP.pdb,ELAAIGILTV,HLA-A*02:01
4JFQ.pdb,ELAGIGIATV,HLA-A*02:01
4JQV.pdb,SELEIKRY,HLA-B*18:01
4JQX.pdb,EECDSELEIKRY,HLA-B*44:03
4JRX.pdb,LPEPLPQGQLTAY,HLA-B*35:08
4JRY.pdb,LPEPLPQGQLTAY,HLA-B*35:08
4K7F.pdb,VCWGELMNL,HLA-A*02:01
4L29.pdb,YLLMWITQV,HLA-A*02:01
4L3C.pdb,YLLMWITQV,HLA-A*02:01
4L3E.pdb,ELAGIGILTV,HLA-A*02:01
4L8B.pdb,ASNEHMETM,H2-Db
4L8C.pdb,ASDENMETM,H2-Db
4L8D.pdb,ASNEDMETM,H2-Db
4LCY.pdb,FTMRLLSPV,HLA-B*46:01
4LNR.pdb,RPQVPLRPMTY,HLA-B*35:01
4MJ5.pdb,TIAMELIRMIK,HLA-A*11:01
4MJ6.pdb,TMVMELIRMIK,HLA-A*11:01
4MJI.pdb,TAFTIPSI,HLA-B*51:01
4MNQ.pdb,ILAKFLHWL,HLA-A*02:01
4N8V.pdb,MLIYSMWGK,HLA-A*11:01
4NNX.pdb,RQASLSISV,HLA-A*02:01
4NNY.pdb,RQASLSISV,HLA-A*02:01
4NO0.pdb,RQASIELPSMAV,HLA-A*02:01
4NO2.pdb,RQASIELPSMAV,HLA-A*02:01
4NO3.pdb,RQISQDVKL,HLA-A*02:01
4NO5.pdb,RQISQDVKL,HLA-A*02:01
4NQV.pdb,CTELKLSDY,HLA-A*01:01
4NQX.pdb,CTELKLNDY,HLA-A*01:01
4NSK.pdb,KAPYNFATM,H2-Db
4NT6.pdb,GILGFVFTL,HLA-C*08:01
4O2E.pdb,SHVAVENAL,HLA-B*39:01
4O2F.pdb,HVAVENAL,HLA-B*39:01
4PG2.pdb,CSLWNGPHL,H2-Db
4PG9.pdb,FAPGNYPAL,H2-Kb
4PGB.pdb,FAPGNWPAL,H2-Kb
4PGD.pdb,FAPGNYPAF,H2-Kb
4PGE.pdb,FAPGNYPAW,H2-Kb
4PR5.pdb,HPVGDADYFEY,HLA-B*35:01
4PRA.pdb,HPVGQADYFEY,HLA-B*35:01
4PRB.pdb,HPVAEADYFEY,HLA-B*35:08
4PRD.pdb,HPVGDADYFEY,HLA-B*35:08
4PRE.pdb,HPVGQADYFEY,HLA-B*35:08
4PRH.pdb,HPVGDADYFEY,HLA-B*35:08
4PRI.pdb,HPVGEADYFEY,HLA-B*35:08
4PRN.pdb,HPVAEADYFEY,HLA-B*35:01
4PRP.pdb,HPVGQADYFEY,HLA-B*35:01
4QOK.pdb,EAAGIGILTV,HLA-A*02:01
4QRP.pdb,HSKKKCDEL,HLA-B*08:01
4QRQ.pdb,HSKKKCDEL,HLA-B*08:01
4QRR.pdb,IPSINVHHY,HLA-B*35:01
4QRS.pdb,ELKRKMIYM,HLA-B*08:01
4QRT.pdb,ELNRKMIYM,HLA-B*08:01
4QRU.pdb,ELRRKMMYM,HLA-B*08:01
4U1H.pdb,TPQDLNTML,HLA-B*07:02
4U1I.pdb,TPQDLNTML,HLA-B*81:01
4U1J.pdb,TPQDLNTML,HLA-B*42:01
4U1K.pdb,RPQVPLRPM,HLA-B*07:02
4U1L.pdb,RPQVPLRPM,HLA-B*81:01
4U1N.pdb,RPQVPLRPM,HLA-B*42:02
4U1S.pdb,FPRPWLHGL,HLA-B*81:01
4U6Y.pdb,FLNKDLEVDGHFVTM,HLA-A*02:01
4WDI.pdb,LYLVCGERG,H2-Kd
4WU5.pdb,RYPLTFGW,HLA-A*24:02
4WU7.pdb,RFPLTFGW,HLA-A*24:02
4WUU.pdb,RMFPNAPYL,HLA-A*02:01
4XXC.pdb,DELEIKAY,HLA-B*18:01
4Z76.pdb,LYLVCGERV,H2-Kd
4Z77.pdb,LYLVCGERV,H2-Kd
4Z78.pdb,LYLVCGERGF,H2-Kd
4ZEZ.pdb,KLVALVINAV,HLA-A*02:01
4ZUS.pdb,QAEVLQERLEW,Eqca-N*006:02
4ZUT.pdb,GSQKLTTGNCNW,Eqca-N*006:02
4ZUU.pdb,CTSEEMNAF,Eqca-N*006:02
4ZUV.pdb,RVEDVTNTAEYW,Eqca-N*006:02
4ZUW.pdb,GSQKLTTGNCNW,Eqca-N*006:02
5B38.pdb,LSSPVTKSF,HLA-B*57:01
5B39.pdb,LSSPVTKSF,HLA-B*57:01
5BRZ.pdb,EVDPIGHLY,HLA-A*01:01
5BS0.pdb,ESDPIVAQY,HLA-A*01:01
5C07.pdb,YQFGPDFPIA,HLA-A*02:01
5C08.pdb,RQWGPDPAAV,HLA-A*02:01
5C09.pdb,YLGGPDFPTI,HLA-A*02:01
5C0A.pdb,MVWGPDPLYV,HLA-A*02:01
5C0B.pdb,RQFGPDFPTI,HLA-A*02:01
5C0C.pdb,RQFGPDWIVA,HLA-A*02:01
5C0D.pdb,AQWGPDPAAA,HLA-A*02:01
5C0E.pdb,YQFGPDFPIA,HLA-A*02:01
5C0F.pdb,RQWGPDPAAV,HLA-A*02:01
5C0G.pdb,YLGGPDFPTI,HLA-A*02:01
5C0H.pdb,YLGGPDFPTI,HLA-A*02:01
5C0I.pdb,RQFGPDFPTI,HLA-A*02:01
5C0J.pdb,RQFGPDWIVA,HLA-A*02:01
5CNZ.pdb,FANFCLMMI,Onmy-UBA*18:01
5D2L.pdb,NLVPMVATV,HLA-A*02:01
5D2N.pdb,NLVPMVATV,HLA-A*02:01
5D9S.pdb,FVLELEPEWTV,HLA-A*02:01
5DDH.pdb,FVLELEPEWTVK,HLA-A*02:01
5DEG.pdb,RRKWRRWHL,HLA-B*27:06
5E00.pdb,GVWIRTPPA,HLA-A*02:01
5E8N.pdb,MCLRMTAVM,H2-Db
5E9D.pdb,ELAGIGILTV,HLA-A*02:01
5ENW.pdb,GLKEGIPAL,HLA-A*02:01
5EO0.pdb,RPMTFKGAL,HLA-B*07:02
5EO1.pdb,RPMTYKGAL,HLA-B*07:02
5EOT.pdb,GLLPELPAVGG,HLA-A*02:01
5EU3.pdb,YLEPGPVTA,HLA-A*02:01
5EU4.pdb,YLAPGPVTA,HLA-A*02:01
5EU5.pdb,YLEPAPVTA,HLA-A*02:01
5EU6.pdb,YLEPGPVTV,HLA-A*02:01
5EUO.pdb,GILGFVFTL,HLA-A*02:01
5F1I.pdb,KLFSGELTK,DLA-88*508:01
5F7D.pdb,GLKEGIPALD,HLA-A*02:01
5F9J.pdb,YLSPIASPL,HLA-A*02:01
5FA3.pdb,GLLPELPAV,HLA-A*02:01
5FA4.pdb,YLSPIASPLLD,HLA-A*02:01
5FDW.pdb,YLSPIASPLL,HLA-A*02:01
5GR7.pdb,YYSIIPHSI,H2-Kd
5GRD.pdb,SSCSSCPLSK,HLA-A*11:01
5GSB.pdb,YYSIIPHSI,H2-Kd
5GSD.pdb,SSCPLSK,HLA-A*11:01
5GSR.pdb,YYSIAPHSI,H2-Kd
5GSX.pdb,FYAPEPITSL,H2-Kd
5H5Z.pdb,FANFCLMMI,Onmy-UBA*18:01
5H94.pdb,KMNTQFTAV,SLA-1*07:04
5HGA.pdb,RFPLTFGW,HLA-A*24:02
5HGD.pdb,RFPLTFGWCF,HLA-A*24:02
5HGH.pdb,RYPLTFGWCF,HLA-A*24:02
5HHM.pdb,GILGLVFTL,HLA-A*02:01
5HHN.pdb,GILGLVFTL,HLA-A*02:01
5HHO.pdb,GILEFVFTL,HLA-A*02:01
5HHP.pdb,GILEFVFTL,HLA-A*02:01
5HHQ.pdb,GIWGFVFTL,HLA-A*02:01
5HYJ.pdb,AQWGPDPAAA,HLA-A*02:01
5IB1.pdb,RRKWRRWHL,HLA-B*27:05
5IB2.pdb,RRKWRRWHL,HLA-B*27:05
5IB3.pdb,RRKWRRWHL,HLA-B*27:05
5IB4.pdb,RRKWRRWHL,HLA-B*27:05
5IB5.pdb,RRKWRRWHL,HLA-B*27:09
5IEH.pdb,REFSKEPEL,HLA-B*40:02
5IEK.pdb,REFSKEPEL,HLA-B*40:02
5IM7.pdb,QASQEVKNW,HLA-B*58:11
5INC.pdb,QATQEVANW,HLA-B*58:11
5IND.pdb,QASQDVKNW,HLA-B*58:11
5IRO.pdb,LLFGYPVYV,HLA-A*02:01
5ISZ.pdb,GILGFVFTL,HLA-A*02:01
5IUE.pdb,ILRWEQD,Mamu-B*097:01:01:01
5IVX.pdb,RGPGRAFVTI,H2-Dd
5J6G.pdb,VGITNVDL,H2-Ld
5J6H.pdb,VGITNVDL,H2-Ld
5JHD.pdb,GILGFVFTL,HLA-A*02:01
5JWD.pdb,WLVTNGSYL,H2-Db
5JWE.pdb,CSANNSHHYI,H2-Db
5JZI.pdb,KLVALGINAV,HLA-A*02:01
5KD4.pdb,IGPGRAFYVI,H2-Dd
5KD7.pdb,IGPGRAFYV,H2-Dd
5M00.pdb,KAVANFATM,H2-Db
5M01.pdb,KAPANFATM,H2-Db
5M02.pdb,KAPFNFATM,H2-Db
5MEO.pdb,ILGKFLHRL,HLA-A*02:01
5MEP.pdb,ILGKFLHWL,HLA-A*02:01
5MER.pdb,ILAKFLHEL,HLA-A*02:01
5MZM.pdb,MCPRMTAVM,H2-Db
5N1Y.pdb,MVWGPDPLYV,HLA-A*02:01
5N6B.pdb,LLWNGPMAV,HLA-A*02:01
5NHT.pdb,ELAGIGILTV,HLA-A*02:01
5NME.pdb,SLYNTVATL,HLA-A*02:01
5NMF.pdb,SLYNTIATL,HLA-A*02:01
5NMG.pdb,SLFNTIAVL,HLA-A*02:01
5NMH.pdb,SLYNTIATL,HLA-A*02:01
5NMK.pdb,SLFNTIAVL,HLA-A*02:01
5NPZ.pdb,EFEDLTFLA,SLA-1*14:02
5NQ0.pdb,DFEREGYSL,SLA-1*14:02
5NQ1.pdb,DFEREGYSL,SLA-1*14:02
5NQ2.pdb,IAYERMCNI,SLA-2*11:04
5NQ3.pdb,EFEDLTFLA,SLA-1*14:02
5NQK.pdb,ELAGIGILTV,HLA-A*02:01
5SWQ.pdb,CVNGSCFTV,HLA-A*02:01
5SWS.pdb,ASNENMETM,H2-Db
5SWZ.pdb,ASNENMETM,H2-Db
5T6W.pdb,SSTRGISQLW,HLA-B*57:01
5T6X.pdb,TSTTSVASSW,HLA-B*57:01
5T6Z.pdb,TSTLQEQIGW,HLA-B*57:01
5T70.pdb,TSNLQEQIGW,HLA-B*57:01
5T7G.pdb,IGPGRAFYT,H2-Dd
5TEZ.pdb,GILGFVFTL,HLA-A*02:01
5TIL.pdb,KAPYNFATM,H2-Db
5TJE.pdb,KAVYNFATM,H2-Db
5TRZ.pdb,YQSGLSIVM,H2-Kd
5TXS.pdb,AQDIYRASY,HLA-B*15:01
5V5L.pdb,TSTLQEQIGW,HLA-B*58:01
5V5M.pdb,TSTLQEQIGW,HLA-B*57:01
5VCL.pdb,AMAPRTLLL,H2-T23
5VGD.pdb,SAEPVPLQL,HLA-C*05:01
5VGE.pdb,RYRPGTVAL,HLA-C*07:02
5VUD.pdb,LSSPVTKSW,HLA-B*57:01
5VUE.pdb,LTVQVARVW,HLA-B*57:01
5VUF.pdb,LTVQVARVY,HLA-B*57:01
5VVP.pdb,LSSPVTKSW,HLA-B*57:03
5VWD.pdb,LTVQVARVW,HLA-B*57:03
5VWF.pdb,LTVQVARVY,HLA-B*57:03
5VWH.pdb,LSSPVTKSW,HLA-B*58:01
5VWJ.pdb,LTVQVARVW,HLA-B*58:01
5VZ5.pdb,AQDIYRASYY,HLA-B*15:01
5W1V.pdb,VMAPRTLIL,HLA-E*01:01
5W69.pdb,ARFNDLRFV,HLA-C*06:02
5WEU.pdb,RGPGCAFVTI,H2-Dd
5WJL.pdb,GTSGSPIVNR,HLA-A*11:01
5WJN.pdb,GTSGSPIINR,HLA-A*11:01
5WKF.pdb,GTSGSPIVNR,HLA-A*11:01
5WKH.pdb,GTSGSPIINR,HLA-A*11:01
5WLG.pdb,SQLLNAKYL,H2-Db
5WLI.pdb,SQLLNAKYL,H2-Db
5WMN.pdb,SPIVPSFDM,HLA-B*07:02
5WMO.pdb,RPPIFIRRL,HLA-B*07:02
5WMP.pdb,TPRVTGGGAM,HLA-B*07:02
5WMQ.pdb,ELRSRYWAI,HLA-B*08:01
5WMR.pdb,QIKVRVDMV,HLA-B*08:01
5WSH.pdb,GVWIRTPTA,HLA-A*02:01
5WWI.pdb,LYKKLKREMTF,HLA-A*24:02
5WWU.pdb,LYKKLKREITF,HLA-A*24:02
5WXD.pdb,LYKKLKREMTF,HLA-A*24:02
5XMF.pdb,RMANVSTGR,FLA-E*18:01
5XMM.pdb,DMANVSTGR,FLA-E*18:01
5XOS.pdb,IPLTEEAEL,HLA-B*35:01
5XOT.pdb,IPLTEEAEL,HLA-B*35:01
5XOV.pdb,RYPLTFGWCF,HLA-A*24:02
5XS3.pdb,VRSRRCLRL,HLA-C*06:02
5Y91.pdb,FANFCLMMI,Onmy-UBA*18:01
5YLX.pdb,TMPPGFELY,SLA-1*15:01
5YMV.pdb,AVKGVGTMV,Gaga-BF2*012:01:01
5YMW.pdb,LPACVLEV,Gaga-BF2*012:01:01
5YXN.pdb,KLVALGINAV,HLA-A*02:01
5YXU.pdb,KLVALGINAV,HLA-A*02:01
6A6H.pdb,MTAHIVVPY,SLA-2*04:02:01
6AEE.pdb,RIIPRHLQL,HLA-G*01:01
6AMT.pdb,MMWDRGLGMM,HLA-A*02:01
6AMU.pdb,MMWDRGLGMM,HLA-A*02:01
6AT5.pdb,APRGPHGGAASGL,HLA-B*07:02
6AT9.pdb,AQDIYRASYY,HLA-A*01:01
6AVF.pdb,APRGPHGGAASGL,HLA-B*07:02
6AVG.pdb,APRGPHGGAASGL,HLA-B*07:02
6D29.pdb,TSMSFVPRPW,HLA-B*57:01
6D2R.pdb,GSFDYSGVHLW,HLA-B*57:01
6D2T.pdb,LALLTGVRW,HLA-B*57:01
6D78.pdb,AAGIGILTV,HLA-A*02:01
6DKP.pdb,ELAGIGILTV,HLA-A*02:01
6EQA.pdb,AAGIGILTV,HLA-A*02:01
6EQB.pdb,AAGIGILTV,HLA-A*02:01
6EWA.pdb,ILKEPVHGV,HLA-A*02:01
6EWC.pdb,RLSSPLHFV,HLA-A*02:01
6EWO.pdb,RTFSPTYGL,HLA-A*02:01
6G3J.pdb,MTSAIGILPV,HLA-A*02:01
6G3K.pdb,ITSGIGVLPV,HLA-A*02:01
6G9Q.pdb,KAPYDYAPI,H2-Db
6G9R.pdb,KAPYDYAPI,H2-Db
6GB5.pdb,FAPGNYP,H2-Db
6GB7.pdb,FAPGNYP,H2-Db
6GGM.pdb,RFPAKAPLL,HLA-E*01:03
6GH1.pdb,RLPAKAPLL,HLA-E*01:03
6GH4.pdb,RQPAKAPLL,HLA-E*01:03
6GHN.pdb,RLPAKAPLF,HLA-E*01:03
6GL1.pdb,RMYSPTSIL,HLA-E*01:03
6H6D.pdb,SGPSNTPPEI,H2-Db
6H6H.pdb,SGPSNTPPEI,H2-Db
6ID4.pdb,AIFQSSMTK,HLA-A*11:01
6IEX.pdb,GETALALLLL,HLA-B*40:01
6IRL.pdb,RREVHTYY,Gaga-BF2*015:01:01
6J1V.pdb,AIFQSSMTK,HLA-A*30:03
6J1W.pdb,AIFQSSMTK,HLA-A*30:01
6J29.pdb,QIMYNYPAM,HLA-A*30:03
6J2A.pdb,CTELKLSDY,HLA-A*30:03
6JOZ.pdb,ATIGTAMYK,HLA-A*11:01
6JQ3.pdb,SIIVFNLL,H2-Kb
6JTN.pdb,GADGVGKSAL,HLA-C*08:02
6JTO.pdb,GADGVGKSAL,HLA-C*05:01
6JTP.pdb,GADGVGKSA,HLA-C*08:02
6K60.pdb,RIIPRHLQL,HLA-G*01:04
6KWK.pdb,MTAHITVPY,SLA-1*04:01:01
6KWL.pdb,MTAHITVPY,SLA-1*04:01:01
6KWN.pdb,NSDTVGWSW,SLA-1*13:01
6KWO.pdb,ESDTVGWSW,SLA-1*13:01
6LBE.pdb,FANFCLMMI,Onmy-UBA*18:01
6LHF.pdb,RRREQTDY,Gaga-BF2*015:01:01
6LHG.pdb,IDWFDGKE,Gaga-BF2*004:01:01
6LHH.pdb,RRREQTDY,Gaga-BF2*015:01:01
6MPP.pdb,ILDTAGKEEY,HLA-A*01:01
6MT3.pdb,FEDLRVLSF,HLA-B*18:01
6MT4.pdb,FEDLRVSSF,HLA-B*37:01
6MT5.pdb,FEDLRLLSF,HLA-B*37:01
6MT6.pdb,FEDLRVLSF,HLA-B*37:01
6MTL.pdb,FEDLRVLSF,HLA-B*44:05
6MTM.pdb,FEDLRVLSF,HLA-B*37:01
6NCA.pdb,YVLDHLIVV,HLA-A*02:01
6NF7.pdb,YLRYDSDVGEYR,Rano-A1*b
6NPR.pdb,RGPGRAFVTI,H2-Dd
6O4Y.pdb,KLVVGAVGV,HLA-A*02:01
6O4Z.pdb,KLVVVAVGV,HLA-A*02:01
6O51.pdb,YLVVVGAVGV,HLA-A*02:01
6O53.pdb,KLVVVGAVGV,HLA-A*02:01
6O9B.pdb,TTAPSLSGK,HLA-A*03:01
6O9C.pdb,TTAPFLSGK,HLA-A*03:01
6OPD.pdb,ILNAMIVKI,HLA-A*02:01
6P23.pdb,AAAKKKYCL,HLA-B*08:01
6P27.pdb,AAAKKKYCL,HLA-B*08:01
6P2C.pdb,AAAKKKYCL,HLA-B*08:01
6P2F.pdb,AAAKKGYCL,HLA-B*08:01
6P2S.pdb,AAAKKKYCL,HLA-B*08:01
6P64.pdb,KQWLVWLFL,HLA-A*02:06
6PA1.pdb,RYRPGTVAL,HLA-C*07:02
6PAG.pdb,RYRPGTVAL,HLA-C*07:02
6PTB.pdb,ILNAMIAKI,HLA-A*02:01
6PTE.pdb,ILNAMITKI,HLA-A*02:01
6PYJ.pdb,LRNQSVFNF,HLA-B*27:05
6PYL.pdb,KRWIILGLNK,HLA-B*27:03
6PYV.pdb,LRNQSVFNF,HLA-B*27:03
6PYW.pdb,LRNQSVFNF,HLA-B*27:05
6PZ5.pdb,LRNQSVFNF,HLA-B*27:03
6Q3K.pdb,NLVPMVATV,HLA-A*02:01
6Q3S.pdb,SLLMWITQV,HLA-A*02:01
6R2L.pdb,SLSKILDTV,HLA-A*02:01
6RP9.pdb,SLLMWITQV,HLA-A*02:01
6RPA.pdb,SLLMWITQV,HLA-A*02:01
6RPB.pdb,SLLMWITQV,HLA-A*02:01
6RSY.pdb,RMFPNAPYL,HLA-A*02:01
6SS7.pdb,LLWAGPMAV,HLA-A*02:01
6SS8.pdb,LLWNGPIAV,HLA-A*02:01
6SS9.pdb,LLWNGPMHV,HLA-A*02:01
6SSA.pdb,LLWNGPMQV,HLA-A*02:01
6TMO.pdb,EAAGIGILTV,HLA-A*02:01
6TRN.pdb,AVYDGREHTV,HLA-A*02:01
6TRO.pdb,GVYDGREHTV,HLA-A*02:01
6UJO.pdb,KQWLVWLFL,HLA-A*02:06
6UJQ.pdb,KQWLVWLLL,HLA-A*02:06
6UK2.pdb,KQWLVWLLL,HLA-A*02:06
6UK4.pdb,KQWLVWLFL,HLA-A*02:06
6ULI.pdb,GADGVGKSA,HLA-C*08:02
6ULK.pdb,GADGVGKSAL,HLA-C*08:02
6ULN.pdb,GADGVGKSA,HLA-C*08:02
6ULR.pdb,GADGVGKSA,HLA-C*08:02
6UON.pdb,GADGVGKSAL,HLA-C*08:02
6UZ1.pdb,LLFGYPVYV,HLA-A*02:01
6V2O.pdb,ASLNLPAVSW,HLA-B*57:01
6V2P.pdb,ASLNLPAVSW,HLA-B*57:03
6V2Q.pdb,LSSPVTKSF,HLA-B*57:03
6V3J.pdb,LSSPVTKSF,HLA-B*57:03
6VMX.pdb,RPPIFIRRL,HLA-B*07:02
6VR1.pdb,HMTEVVRRC,HLA-A*02:01
6VR5.pdb,HMTEVVRHC,HLA-A*02:01
6VRN.pdb,HMTEVVRHC,HLA-A*02:01
6WZY.pdb,SGPDNGAVAV,H2-Db
6X00.pdb,SGPDNGAVAVL,H2-Db
6Y26.pdb,GRLNAPIKV,HLA-B*27:05
6Y28.pdb,GRLNEPIKV,HLA-B*27:05
6Y29.pdb,GRLNEPIKV,HLA-B*27:09
6Y2A.pdb,GRLNQPIKV,HLA-B*27:05
6Y2B.pdb,GRLNQPIKV,HLA-B*27:09
7K80.pdb,RYPLTFGW,HLA-A*24:02
7K81.pdb,RYPLTFGW,HLA-A*24:02
